material_class,common_use,consumer_mass_share,industrial_mass_share,unclassified_mass_share,basis_year,geography,source_url,retrieved_date,evidence_notes
"acrylic paint","mixed",,,,,"general","https://www.acs.org/education/whatischemistry/landmarks/acrylicemulsion.html","2026-09-29","Qualitative proposal for expert review: ACS describes acrylic emulsions in house paint and in industrial coatings, adhesives, floor polish, traffic paint, automotive, packaging, and textiles."
"alkyd paint","mixed",,,,,"general","https://apca.ca/wp-content/uploads/Paint-Coating-Classifications.pdf","2026-09-29","Qualitative proposal for expert review: the coating classification describes alkyd-containing architectural/trade products alongside industrial and maintenance coating markets."
"cellulose derivatives","mixed",,,,,"general","https://pubmed.ncbi.nlm.nih.gov/29869877/","2026-09-29","Qualitative proposal for expert review: cellulose ethers serve food, personal care, pharmaceutical, construction, paper, adhesive, oil-field, and textile uses."
"ethylene-propylene-diene-monomer rubber","mixed",,,,,"general","https://www.sourcebyspec.com/encyclopedia/epdm-rubber.html","2026-09-29","Qualitative proposal for expert review: EPDM is used for consumer-vehicle weatherseals and hot-water gaskets as well as roofing, steam, cooling, and other industrial sealing systems."
"mineral",,,,,,,,"2026-09-29","Left unassigned: this class spans unrelated minerals and cannot support one predominant end-market."
"organic matter",,,,,,,,"2026-09-29","Left unassigned: this catch-all class is chemically and functionally heterogeneous."
"other",,,,,,,,"2026-09-29","Left unassigned: unresolved identities cannot support an end-market inference."
"other material",,,,,,,,"2026-09-29","Left unassigned: the reviewed catch-all has no defensible predominant use."
"other plastic",,,,,,,,"2026-09-29","Left unassigned: unknown plastic chemistry cannot support an end-market inference."
"paint","mixed",,,,,"United States","https://www.paint.org/explore-coatings/types-of-coatings/","2026-09-29","Qualitative proposal for expert review: ACA separates architectural consumer coatings from industrial and special-purpose coatings; architectural coatings exceed half of U.S. volume but industrial markets are substantial."
"polyacrylamides","industrial",,,,,"general","https://pubchem.ncbi.nlm.nih.gov/compound/Polyacrylamide","2026-09-29","Qualitative proposal for expert review: principal described uses are water and wastewater flocculation, paper processing, oil production, mining, and industrial grouting."
"polyacrylates","mixed",,,,,"general","https://en.wikipedia.org/wiki/Polyacrylic_acid","2026-09-29","Qualitative proposal for expert review: the broad class includes consumer superabsorbents and skin-care products plus industrial paints, coatings, adhesives, and specialty acrylates."
"polyacrylonitrile-butadiene","mixed",,,,,"general","https://www.sciencedirect.com/topics/engineering/nitrile-rubber","2026-09-29","Qualitative proposal for expert review: NBR is used in consumer and medical gloves and footwear, and in industrial or automotive hoses, seals, gaskets, belts, rollers, and adhesives."
"polyacrylonitrile-butadiene-styrene","mixed","0.4490","0.4695","0.0815","2019","global","https://data-explorer.oecd.org/vis?df%5Bag%5D=OECD.ENV.EEI&df%5Bid%5D=DSD_PU_2019%40DF_PU_2019","2026-09-29","Quantitative: OECD reports ABS/ASA/SAN as one narrow styrenic group. Its mass is split across consumer and industrial applications under the documented crosswalk; the grouped source is an explicit proxy for the ABS class."
"polyacrylonitriles","mixed",,,,,"general","https://en.wikipedia.org/wiki/Polyacrylonitrile","2026-09-29","Qualitative proposal for expert review: PAN supplies acrylic textiles and furnishings, carbon-fiber precursor, sails, awnings, filtration fibers, and reinforced concrete."
"polyamides","mixed",,,,,"general","https://pmc.ncbi.nlm.nih.gov/articles/PMC11173604/","2026-09-29","Qualitative proposal for expert review: nylons have major textile and domestic uses alongside machine parts, ropes, tire cord, packaging, automotive, and electrical engineering plastics."
"polyanhydrides","consumer",,,,,"general","https://pmc.ncbi.nlm.nih.gov/articles/PMC9748945/","2026-09-29","Qualitative proposal for expert review: the principal described endpoints are patient-facing controlled drug delivery, implants, orthopedic devices, and other biomedical products."
"polybenzimidazole","industrial",,,,,"general","https://spinoff.nasa.gov/node/10564","2026-09-29","Qualitative proposal for expert review: PBI is chiefly described for aerospace, defense, firefighter and industrial protective apparel, high-temperature membranes, and fuel cells."
"polycarbonates","mixed",,,,,"general","https://en.wikipedia.org/wiki/Polycarbonate","2026-09-29","Qualitative proposal for expert review: polycarbonate is used in consumer electronics and products as well as construction, automotive, glazing, electrical, and engineering applications."
"polycyanoacrylates","mixed",,,,,"general","https://en.wikipedia.org/wiki/Cyanoacrylate","2026-09-29","Qualitative proposal for expert review: cyanoacrylates are explicitly described as household, medical, veterinary, and industrial adhesives."
"polydienes","mixed",,,,,"general","https://www.sciencedirect.com/topics/materials-science/polybutadiene","2026-09-29","Qualitative proposal for expert review: the largest polybutadiene outlet is passenger-car tires, with further use in belts, coatings, rubber goods, and specialty industrial formulations."
"polydiglycidyl ethers","industrial",,,,,"general","https://www.sciencedirect.com/science/article/pii/S1226086X15001033","2026-09-29","Qualitative proposal for expert review: diglycidyl-ether epoxy resins are widely used for protective coatings, electronic materials, structural adhesives, and fiber-reinforced composites."
"polyesters","consumer",,,,,"general","https://en.wikipedia.org/wiki/Polyester","2026-09-29","Qualitative proposal for expert review: the principal described markets are clothing and other textiles, beverage bottles, films, and packaging, with smaller engineering-polymer uses."
"polyetherketones","industrial",,,,,"general","https://en.wikipedia.org/wiki/Polyetherketones","2026-09-29","Qualitative proposal for expert review: PEK-family polymers are high-performance materials for machinery, automotive, electronics, semiconductor, cable, offshore, aerospace, and medical components."
"polyethers","mixed",,,,,"general","https://www.epa.gov/stationary-sources-air-pollution/polyether-polyols-production-national-emission-standards-hazardous","2026-09-29","Qualitative proposal for expert review: EPA describes this broad class in lubricants, adhesives, sealants, cosmetics, soaps, and feedstock polymers for urethanes, spanning consumer and industrial end markets."
"polyethersulfones","industrial",,,,,"general","https://www.sciencedirect.com/topics/engineering/polysulfone","2026-09-29","Qualitative proposal for expert review: principal applications are filtration and dialysis membranes, sterilizable medical equipment, electronics, vehicle construction, and high-performance components."
"polyethylene","consumer","0.7356","0.1794","0.0850","2019","global","https://data-explorer.oecd.org/vis?df%5Bag%5D=OECD.ENV.EEI&df%5Bid%5D=DSD_PU_2019%40DF_PU_2019","2026-09-29","Quantitative: OECD HDPE and LDPE/LLDPE mass combined. Consumer includes packaging, consumer/institutional products, personal care, and clothing; Other remains unclassified."
"polyethylene-propylene","mixed",,,,,"general","https://eprcable.ims.uconn.edu/wp-content/uploads/sites/857/2014/09/ref11.pdf","2026-09-29","Qualitative proposal for expert review: EPR is used in automotive weatherseals and hoses plus roofing, high-voltage cable insulation, steam hose, impact modification, and lubricant additives."
"polyethylene-vinyl acetate","mixed",,,,,"general","https://www.exxonmobilchemical.com/en/products/polyethylene/eva%20copolymer","2026-09-29","Qualitative proposal for expert review: EVA spans consumer footwear, packaging, caps, seals, and car interiors plus photovoltaic encapsulation, adhesives, greenhouse film, and wire/cable uses."
"polyhalodienes","mixed",,,,,"general","https://nepis.epa.gov/Exe/ZyPURL.cgi?Dockey=2000WNHZ.TXT","2026-09-29","Qualitative proposal for expert review: EPA identifies major polychloroprene use in mechanical and automotive hoses, belts, tire parts, and molded goods; consumer wetsuits, footwear, and protective goods are also established uses."
"polyhaloolefins","mixed",,,,,"general","https://en.wikipedia.org/wiki/Polyvinyl_chloride","2026-09-29","Qualitative proposal for expert review: the hierarchy is dominated by PVC-family material spanning construction and industrial infrastructure as well as packaging, healthcare, clothing, household, and consumer products; fluoropolymer members add industrial uses."
"polyhalostyrenes",,,,,,,,"2026-09-29","Left unassigned: the class contains niche halogenated styrenes and no class-wide predominant commercial end-market was found."
"polyhydroxy(meth)acrylates","consumer",,,,,"general","https://pmc.ncbi.nlm.nih.gov/articles/PMC8232190/","2026-09-29","Qualitative proposal for expert review: pHEMA and related hydrogels are principally described for soft contact lenses and other patient-facing biomedical products including wound dressings, catheters, implants, and drug delivery."
"polyhydroxyalkanoates","consumer",,,,,"general","https://www.sciencedirect.com/science/article/pii/S0924224425004303","2026-09-29","Qualitative proposal for expert review: PHA commercialization is centered on biodegradable food and consumer packaging, films, and service items, with additional biomedical and agricultural development."
"polyimides","industrial",,,,,"general","https://link.springer.com/article/10.1007/s42452-021-04362-5","2026-09-29","Qualitative proposal for expert review: polyimides are high-performance films, coatings, adhesives, fibers, and components for aerospace, aviation, electronics, sensors, and medical technology."
"polyisobutylene-isoprene","mixed",,,,,"general","https://www.exxonmobilchemical.com/en/products/butyl/butyl-rubber","2026-09-29","Qualitative proposal for expert review: butyl rubber serves consumer tires, sporting/leisure goods, and pharmaceutical closures alongside industrial hoses, curing equipment, adhesives, sealants, and general rubber goods."
"polyitaconates",,,,,,,"https://onlinelibrary.wiley.com/doi/full/10.1002/pol.20240414","2026-09-29","Left unassigned: the source says polyitaconate applications remain very limited, so emerging adhesive, elastomer, and additive examples do not establish a predominant current end-market."
"polymelamine-formaldehyde","mixed",,,,,"general","https://www.canada.ca/en/environment-climate-change/services/evaluating-existing-substances/additional-rcd-update-human-health-assessment-melamine.html","2026-09-29","Qualitative proposal for expert review: melamine resins are used in consumer tableware, countertops, furniture, flooring, and cleaning products plus industrial laminates, coatings, filters, adhesives, and wood panels."
"polymethacrylamides",,,,,,,,"2026-09-29","Left unassigned: no sufficiently specific class-wide predominant commercial use was found for the listed methacrylamide homopolymers."
"polymethacrylates","mixed",,,,,"general","https://en.wikipedia.org/wiki/Poly%28methyl_methacrylate%29","2026-09-29","Qualitative proposal for expert review: PMMA and related methacrylates span consumer signs, displays, furniture, lenses, appliances, and sanitary ware plus automotive, construction, medical, dental, and industrial glazing uses."
"polyolefins","mixed",,,,,"general","https://en.wikipedia.org/wiki/Polyolefin","2026-09-29","Qualitative proposal for expert review: the specialty polyolefins represented here span consumer and food packaging, foams, and goods plus industrial and automotive synthetic lubricants and engineering uses."
"polyphenol-formaldehyde","industrial",,,,,"United States","https://obamawhitehouse.archives.gov/sites/default/files/omb/assets/oira_2070/2070_06262012b-1.pdf","2026-09-29","Qualitative proposal for expert review: major phenolic-resin applications are plywood and engineered wood, insulation, construction laminates, abrasives, foundry materials, and electrical components."
"polyphenylene sulfide","industrial",,,,,"general","https://omnexus.specialchem.com/selection-guide/polyphenylene-sulfide-pps-plastic-guide/key-applications","2026-09-29","Qualitative proposal for expert review: PPS is primarily described for demanding automotive under-hood, electrical, electronics, chemical-processing, aerospace, filtration, and industrial components."
"polyphenylenes","industrial",,,,,"general","https://pubmed.ncbi.nlm.nih.gov/10167681/","2026-09-29","Qualitative proposal for expert review: commercially relevant poly(p-xylylene)/parylene members are conformal environmental and dielectric coatings for electronic circuitry, sensors, medical substrates, aerospace, and industrial equipment."
"polyphenylethers","industrial",,,,,"general","https://help.autodesk.com/cloudhelp/2021/ENU/Inventor-Help/files/GUID-4D6FA5E0-6DD4-4E5E-B297-CC17C50668E3.htm","2026-09-29","Qualitative proposal for expert review: PPE/PPO engineering thermoplastics are described for electrical housings and connectors, automotive structural parts, business machines, and heat-resistant appliance components."
"polypropylene","consumer","0.7215","0.2785","0.0000","2019","global","https://data-explorer.oecd.org/vis?df%5Bag%5D=OECD.ENV.EEI&df%5Bid%5D=DSD_PU_2019%40DF_PU_2019","2026-09-29","Quantitative: OECD PP mass using the documented application crosswalk."
"polystyrene-acrylonitrile","consumer",,,,,"general","https://www.cpsc.gov/s3fs-public/ThePotentialforPhthalatesinSelectedPlastics.pdf","2026-09-29","Qualitative proposal for expert review: CPSC lists SAN mainly in household appliances and fittings, kitchenware, electronics housings, sports goods, packaging, stationery, and medical products."
"polystyrene-isoprene","mixed",,,,,"general","https://en.wikipedia.org/wiki/Pressure-sensitive_adhesive","2026-09-29","Qualitative proposal for expert review: SIS is a major high-tack pressure-sensitive adhesive elastomer used across consumer labels, tapes, hygiene and medical goods plus industrial adhesives, sealants, and coatings."
"polystyrene-maleic","industrial",,,,,"general","https://en.wikipedia.org/wiki/Styrene_maleic_anhydride","2026-09-29","Qualitative proposal for expert review: SMA is described for paper sizing, binders, dispersants, coatings, and polymer compatibilization, which are predominantly industrial intermediate uses."
"polystyrenes","consumer","0.5330","0.3762","0.0908","2019","global","https://data-explorer.oecd.org/vis?df%5Bag%5D=OECD.ENV.EEI&df%5Bid%5D=DSD_PU_2019%40DF_PU_2019","2026-09-29","Quantitative: OECD PS mass using the documented application crosswalk; Other remains unclassified."
"polytetrafluoroethylene","industrial","0.0000","0.8500","0.1500","2022","global","https://gfl.co.in/upload/pages/GFCL-Integrated_Annual_Report_2023-24.pdf","2026-09-29","Quantitative: PTFE end-use volume is chemical/industrial processing 40%, mechanical 20%, electrical/electronics 15%, automotive 10%, and other 15%; named sectors are treated as industrial."
"polythioethers","industrial",,,,,"general","https://discover.parker.com/chomerics-article-cho-bond-1018","2026-09-29","Qualitative proposal for expert review: polythioether binders are described for electrically conductive sealants in aircraft, UAVs, avionics, radar, defense shelters, and other harsh industrial environments."
"polyurea-formaldehyde","industrial",,,,,"general","https://chemicalmarketanalytics.com/chemical/urea-formaldehyde-resins-uf/","2026-09-29","Qualitative proposal for expert review: the largest UF-resin use is industrial binders and adhesives for particleboard, MDF, plywood, furniture overlays, and other dry-process wood products."
"polyurethanes","industrial","0.1369","0.5717","0.2914","2019","global","https://data-explorer.oecd.org/vis?df%5Bag%5D=OECD.ENV.EEI&df%5Bid%5D=DSD_PU_2019%40DF_PU_2019","2026-09-29","Quantitative: OECD PUR mass using the documented application crosswalk; Other remains unclassified."
"polyvinylalcohols","industrial",,,,,"general","https://www.kuraray-poval.com/fileadmin/technical_information/brochures/poval/KURARAY_POVAL_application_guide.pdf","2026-09-29","Qualitative proposal for expert review: principal PVOH/PVB-family uses are paper and textile processing, construction, adhesives, coatings, ceramics, electronics, laminated glass, and industrial films, with smaller cosmetics and packaging uses."
"polyvinylesters","mixed",,,,,"general","https://pubchem.ncbi.nlm.nih.gov/compound/Poly_vinyl-acetate","2026-09-29","Qualitative proposal for expert review: PVAc-family uses span household and school glues, home paints, and packaging plus industrial wood/paper/textile adhesives, sealants, coatings, inks, and cement additives."
"polyvinylethers","industrial",,,,,"general","https://www.ndl.ethernet.edu.et/bitstream/123456789/5500/1/346.pdf","2026-09-29","Qualitative proposal for expert review: listed polyvinyl-ether uses are predominantly industrial adhesives, surface coatings, lubricants, greases, elastomers, molding compounds, thickeners, anticorrosion agents, and textile finishes."
"polyvinylketones","consumer",,,,,"general","https://pubmed.ncbi.nlm.nih.gov/33404984/","2026-09-29","Qualitative proposal for expert review: this hierarchy includes PVP, whose major described applications are pharmaceutical formulations and patient-facing drug-delivery products, with additional food, cosmetic, paper, textile, ceramic, and adhesive uses."
"polyvinylsulfides",,,,,,,,"2026-09-29","Left unassigned: no sufficiently specific class-wide predominant commercial use was found for the listed polyvinyl sulfides."
"silicones","mixed",,,,,"general","https://www.americanchemistry.com/industry-groups/silicones-environmental-health-and-safety-center-sehsc/benefits-uses","2026-09-29","Qualitative proposal for expert review: silicones span consumer bakeware, personal care, household sealants, and healthcare plus construction, automotive, aerospace, electronics, energy, and industrial processing."
"styrene-butadiene rubber","mixed",,,,,"general","https://www.cpsc.gov/s3fs-public/ThePotentialforPhthalatesinSelectedPlastics.pdf","2026-09-29","Maintainer-directed qualitative classification: tires and tire products are consumer end products; the source also lists footwear and appliance uses alongside industrial roofing, conveyors, wires/cables, adhesives, hoses, and mechanical rubber goods."
"urethane paint","mixed",,,,,"general","https://www.sciencedirect.com/topics/engineering/polyurethane-coating","2026-09-29","Qualitative proposal for expert review: polyurethane coatings serve consumer wood flooring, furniture, leather, and household finishes alongside automotive, corrosion-control, fabric, paper, and other industrial coatings."
